id,name,price,description
1,Subaru,39,Proactive background access
2,Infiniti,31,Compatible bandwidth-monitored monitoring
3,Volkswagen,73,Open-architected 5th generation artificial intelligence
4,Ford,56,Managed incremental approach
5,Buick,32,Persevering contextually-based adapter
6,Daihatsu,10,Diverse clear-thinking complexity
7,Toyota,63,Reverse-engineered dynamic challenge
8,Mazda,78,Public-key bi-directional adapter
9,Porsche,47,Quality-focused systematic knowledge base
10,Ford,81,Mandatory incremental service-desk
11,Pontiac,76,Diverse clear-thinking monitoring
12,Mercedes-Benz,23,Adaptive national solution
13,Dodge,62,Horizontal system-worthy paradigm
14,GMC,6,Mandatory actuating encryption
15,Nissan,33,Exclusive fault-tolerant matrix
16,Cadillac,6,Automated reciprocal array
17,Dodge,26,Operative content-based throughput
18,Volvo,62,Versatile value-added benchmark
19,Jeep,64,Ameliorated uniform focus group
20,Dodge,62,Streamlined actuating function
21,Honda,59,Triple-buffered secondary extranet
22,Mitsubishi,37,Realigned 24/7 architecture
23,Toyota,14,Organic 4th generation architecture
24,Ford,93,Optimized logistical utilisation
25,Jeep,71,Organic user-facing service-desk
26,Dodge,24,Extended context-sensitive collaboration
27,Ford,31,Synergistic multi-tasking toolset
28,Cadillac,57,Diverse executive knowledge user
29,Mercedes-Benz,7,Versatile discrete strategy
30,Chevrolet,87,Implemented bifurcated database
31,Suzuki,71,Intuitive even-keeled initiative
32,Buick,94,Persistent mission-critical array
33,Toyota,9,Synergized zero tolerance open system
34,GMC,22,Down-sized fresh-thinking functionalities
35,Honda,71,Proactive 24 hour standardization
36,Audi,81,Sharable global archive
37,Ford,51,Profound didactic productivity
38,Volkswagen,59,Operative systematic hardware
39,Hyundai,50,Phased solution-oriented forecast
40,GMC,14,Universal neutral product
41,Chrysler,54,Configurable interactive budgetary management
42,Chevrolet,70,Multi-channelled impactful hierarchy
43,Aston Martin,20,Profound full-range capability
44,Dodge,8,Integrated optimizing database
45,Chevrolet,4,Centralized exuding data-warehouse
46,Volkswagen,2,Sharable zero tolerance info-mediaries
47,Hyundai,81,Decentralized neutral approach
48,Toyota,95,Mandatory discrete budgetary management
49,Subaru,2,Cloned 3rd generation open architecture
50,Mercury,24,Seamless demand-driven workforce
51,Lexus,100,Open-architected cohesive secured line
52,Chevrolet,42,Realigned dynamic frame
53,Pontiac,88,Extended optimal infrastructure
54,Volvo,81,Function-based asymmetric conglomeration
55,Dodge,42,Quality-focused upward-trending standardization
56,Ford,31,Progressive user-facing success
57,Hyundai,73,Managed tangible parallelism
58,Dodge,34,Face to face regional middleware
59,BMW,1,Intuitive 4th generation infrastructure
60,Chevrolet,64,Business-focused national support
61,Ford,92,Synergistic cohesive protocol
62,Hyundai,96,Digitized clear-thinking database
63,Chevrolet,24,Reverse-engineered executive strategy
64,Toyota,29,Persistent optimal internet solution
65,Lincoln,94,Robust zero administration analyzer
66,Chevrolet,36,Synergized real-time methodology
67,Pontiac,18,Reverse-engineered demand-driven leverage
68,Honda,79,Multi-layered clear-thinking help-desk
69,Plymouth,100,Open-architected grid-enabled attitude
70,GMC,36,Horizontal 24 hour solution
71,Ford,20,Open-architected well-modulated solution
72,Ford,52,Seamless client-server strategy
73,Nissan,43,Open-source intangible encryption
74,Mercedes-Benz,99,Realigned fault-tolerant protocol
75,Porsche,65,Reactive non-volatile process improvement
76,Buick,83,Persevering multi-state software
77,GMC,67,Polarised didactic parallelism
78,Dodge,87,Networked multimedia knowledge user
79,Oldsmobile,61,Decentralized well-modulated algorithm
80,Aston Martin,80,Switchable global task-force
81,Nissan,23,Up-sized actuating internet solution
82,Studebaker,37,Total object-oriented portal
83,Buick,3,Fundamental reciprocal throughput
84,Ford,87,Proactive tertiary open architecture
85,Volvo,19,Open-architected zero defect groupware
86,Chevrolet,28,Centralized full-range portal
87,Chevrolet,49,Organized uniform standardization
88,Audi,81,Intuitive modular parallelism
89,GMC,95,Compatible discrete budgetary management
90,Nissan,88,Reactive reciprocal hub
91,Ford,81,Assimilated full-range application
92,Mercury,5,Organic full-range implementation
93,Mercedes-Benz,83,Object-based even-keeled projection
94,Chevrolet,20,Secured global throughput
95,Land Rover,77,Pre-emptive responsive local area network
96,Acura,12,Cross-platform interactive project
97,Volkswagen,37,Multi-lateral homogeneous product
98,Geo,64,Up-sized analyzing solution
99,Porsche,52,Upgradable mobile matrices
100,Saab,87,Proactive dedicated Graphical User Interface
101,Chevrolet,27,Focused holistic conglomeration
102,GMC,34,Persistent neutral access
103,Subaru,8,Customizable eco-centric solution
104,Volkswagen,83,Ergonomic non-volatile groupware
105,Honda,19,Persevering neutral moderator
106,Ford,23,User-centric multi-state strategy
107,Plymouth,3,Streamlined systemic architecture
108,GMC,56,Team-oriented multi-state support
109,Hyundai,14,Customer-focused contextually-based strategy
110,Mercedes-Benz,21,Fully-configurable non-volatile moratorium
111,Volkswagen,51,Advanced fresh-thinking open system
112,Chevrolet,31,Sharable human-resource firmware
113,Hyundai,27,Enhanced next generation challenge
114,Mitsubishi,77,Synchronised motivating artificial intelligence
115,Hillman,78,Open-source 4th generation moratorium
116,BMW,69,Programmable clear-thinking complexity
117,Ford,11,Centralized impactful parallelism
118,Chrysler,69,Monitored attitude-oriented task-force
119,Mercedes-Benz,48,Upgradable content-based benchmark
120,Chevrolet,77,Reverse-engineered 5th generation migration
121,Mercedes-Benz,13,Horizontal optimizing matrix
122,Pontiac,95,Digitized responsive flexibility
123,Infiniti,91,Cloned impactful approach
124,Toyota,66,Intuitive intermediate access
125,Acura,83,Pre-emptive solution-oriented time-frame
126,Chevrolet,7,Reactive global Graphical User Interface
127,Mitsubishi,39,Cross-platform real-time policy
128,Land Rover,61,Intuitive needs-based instruction set
129,Pontiac,96,Customer-focused stable hardware
130,Isuzu,99,Ameliorated mission-critical workforce
131,Toyota,25,Total high-level firmware
132,Isuzu,82,Diverse coherent throughput
133,Toyota,5,Switchable bifurcated infrastructure
134,Volvo,37,Multi-layered foreground budgetary management
135,Ford,56,Multi-channelled static success
136,Acura,3,User-friendly discrete pricing structure
137,Ford,66,Exclusive explicit capability
138,Acura,59,Versatile dedicated projection
139,Audi,20,Team-oriented intangible info-mediaries
140,Hyundai,37,Persevering modular benchmark
141,Ford,52,Team-oriented secondary migration
142,Ford,69,Triple-buffered optimal product
143,Mitsubishi,1,Cross-platform neutral focus group
144,Nissan,29,Ameliorated secondary core
145,Mazda,82,Extended tertiary analyzer
146,Chrysler,26,Diverse demand-driven interface
147,Nissan,68,Business-focused executive intranet
148,Subaru,36,Distributed even-keeled initiative
149,Mazda,75,Organic 24 hour implementation
150,Audi,38,Profit-focused cohesive frame
151,BMW,70,Re-contextualized systemic productivity
152,Ford,33,Diverse 5th generation installation
153,Toyota,47,Monitored global moratorium
154,Mazda,67,Focused analyzing analyzer
155,Pontiac,33,Persevering systematic Graphical User Interface
156,BMW,93,Phased full-range process improvement
157,Land Rover,9,Polarised high-level monitoring
158,Cadillac,44,Enterprise-wide transitional adapter
159,GMC,98,Pre-emptive grid-enabled application
160,Chevrolet,98,Synchronised full-range synergy
161,Mercedes-Benz,23,Ergonomic clear-thinking productivity
162,Chevrolet,95,Fundamental tangible standardization
163,Ford,58,Seamless heuristic forecast
164,Chevrolet,69,Focused executive data-warehouse
165,Bentley,50,Diverse grid-enabled installation
166,Ford,16,Universal needs-based initiative
167,Mercedes-Benz,29,Enterprise-wide eco-centric data-warehouse
168,Mercedes-Benz,60,Customizable reciprocal application
169,Jaguar,59,Robust systematic archive
170,Oldsmobile,9,Cross-group web-enabled interface
171,Volkswagen,65,Multi-tiered interactive application
172,Volkswagen,91,Persistent dedicated encoding
173,Pontiac,7,Customer-focused transitional methodology
174,Dodge,70,Public-key solution-oriented database
175,Mitsubishi,14,Decentralized impactful standardization
176,Acura,39,Reactive even-keeled neural-net
177,Hyundai,58,Configurable web-enabled open architecture
178,Pontiac,75,Adaptive mobile moratorium
179,Honda,22,Sharable object-oriented definition
180,Ford,47,Grass-roots bandwidth-monitored adapter
181,Saab,72,Face to face well-modulated conglomeration
182,Mercedes-Benz,6,Assimilated clear-thinking standardization
183,Mercury,35,Reduced empowering encoding
184,Suzuki,18,Implemented encompassing solution
185,GMC,81,Monitored optimizing Graphic Interface
186,Chrysler,35,Future-proofed 4th generation local area network
187,Volkswagen,66,Enterprise-wide context-sensitive circuit
188,GMC,58,Synergized grid-enabled Graphic Interface
189,Chevrolet,19,Distributed bottom-line groupware
190,Mercury,37,Sharable radical methodology
191,Lotus,54,Function-based fresh-thinking throughput
192,Honda,97,Focused executive conglomeration
193,Acura,94,Grass-roots incremental policy
194,Chevrolet,45,Total solution-oriented infrastructure
195,Buick,33,Programmable bottom-line structure
196,Dodge,57,Extended mobile methodology
197,GMC,9,Multi-layered analyzing paradigm
198,Volkswagen,19,Robust executive infrastructure
199,BMW,42,Progressive dynamic interface
200,Buick,83,Enhanced tertiary hardware
201,Toyota,54,Grass-roots cohesive workforce
202,Ford,96,Extended optimizing database
203,Lincoln,17,Customizable didactic synergy
204,Volkswagen,3,Streamlined cohesive model
205,Lexus,41,Advanced coherent project
206,Eagle,62,Enhanced static product
207,Mercedes-Benz,32,Multi-lateral well-modulated definition
208,Mazda,37,Streamlined logistical array
209,Audi,88,Adaptive disintermediate task-force
210,Ford,7,Versatile static contingency
211,Lexus,26,Programmable real-time Graphical User Interface
212,Plymouth,15,Front-line composite benchmark
213,Ford,47,Fully-configurable mission-critical ability
214,Scion,57,De-engineered well-modulated internet solution
215,Mitsubishi,82,Cross-platform tangible time-frame
216,Acura,76,Open-source zero administration moderator
217,GMC,77,Optimized disintermediate budgetary management
218,Infiniti,94,Organic incremental workforce
219,Mercury,94,Grass-roots upward-trending success
220,Mitsubishi,29,Intuitive 6th generation flexibility
221,Honda,55,Seamless value-added function
222,Honda,93,Inverse systemic hardware
223,Hyundai,16,Reactive impactful analyzer
224,Dodge,27,Self-enabling well-modulated Graphical User Interface
225,Volkswagen,10,Down-sized non-volatile throughput
226,Suzuki,77,User-friendly needs-based neural-net
227,GMC,24,Open-architected optimal moderator
228,Toyota,46,Extended executive frame
229,Land Rover,99,Quality-focused human-resource strategy
230,Toyota,70,Fundamental interactive neural-net
231,Toyota,55,Secured bi-directional structure
232,Chevrolet,1,Virtual dedicated help-desk
233,Toyota,4,Quality-focused object-oriented throughput
234,Cadillac,79,Managed national moratorium
235,GMC,69,Cross-group motivating forecast
236,Porsche,80,Switchable composite synergy
237,Saturn,77,Organic scalable structure
238,Oldsmobile,27,Cloned motivating framework
239,Chevrolet,99,Public-key motivating benchmark
240,Aston Martin,86,User-friendly directional frame
241,Scion,77,Down-sized exuding emulation
242,Mazda,26,Devolved bottom-line array
243,Honda,92,Synchronised stable database
244,Smart,23,Re-contextualized impactful Graphic Interface
245,Infiniti,22,Expanded neutral instruction set
246,Acura,77,Virtual regional focus group
247,Honda,13,Enhanced disintermediate software
248,Toyota,11,Cross-group mobile orchestration
249,Honda,44,Operative local installation
250,Lincoln,82,Customizable composite concept
251,GMC,15,Multi-layered logistical artificial intelligence
252,Chevrolet,89,Optional dynamic circuit
253,Toyota,53,Phased eco-centric conglomeration
254,Ford,83,Right-sized asynchronous knowledge user
255,Mercedes-Benz,96,Front-line full-range alliance
256,Nissan,75,Extended fresh-thinking flexibility
257,Infiniti,79,Assimilated high-level hub
258,Ford,19,Re-contextualized dedicated firmware
259,Buick,48,Grass-roots leading edge help-desk
260,Maserati,85,Advanced zero defect service-desk
261,Honda,92,Ergonomic maximized protocol
262,Lexus,73,Down-sized 4th generation middleware
263,BMW,68,Mandatory user-facing attitude
264,Mercedes-Benz,63,Synergistic value-added intranet
265,Dodge,86,Face to face systematic algorithm
266,Mazda,55,Operative empowering alliance
267,Chevrolet,12,Synergized optimal support
268,Toyota,26,Inverse value-added open system
269,Buick,54,Centralized static open system
270,Ferrari,15,Extended zero administration superstructure
271,Land Rover,57,Self-enabling explicit groupware
272,Saab,48,Virtual client-driven adapter
273,Cadillac,55,Realigned encompassing pricing structure
274,Volvo,37,Quality-focused 5th generation infrastructure
275,Suzuki,29,Vision-oriented content-based middleware
276,Alfa Romeo,78,Public-key encompassing access
277,Suzuki,6,Reverse-engineered national core
278,Maserati,85,Managed mobile hardware
279,GMC,89,Multi-layered multi-state standardization
280,BMW,79,Re-engineered coherent instruction set
281,Lincoln,12,Visionary object-oriented forecast
282,Volvo,26,Phased client-driven conglomeration
283,Kia,32,Distributed high-level forecast
284,GMC,88,Robust grid-enabled internet solution
285,Chevrolet,49,Persevering 4th generation definition
286,Pontiac,70,Horizontal 4th generation customer loyalty
287,Pontiac,52,Fully-configurable context-sensitive neural-net
288,Mercedes-Benz,58,Persevering stable application
289,Audi,22,Ameliorated optimal focus group
290,Cadillac,83,Enhanced transitional help-desk
291,Dodge,67,Robust cohesive frame
292,Kia,78,Open-architected scalable definition
293,Pontiac,48,Implemented user-facing matrices
294,Mercury,74,Customizable demand-driven monitoring
295,Buick,90,Pre-emptive regional software
296,GMC,30,Horizontal multi-state synergy
297,Ford,34,Visionary national matrix
298,Hyundai,100,Customer-focused uniform core
299,Hyundai,33,Cross-platform 24/7 success
300,Hummer,2,Exclusive multi-state pricing structure
301,Hyundai,76,Decentralized clear-thinking synergy
302,Mercedes-Benz,59,Realigned tertiary portal
303,Suzuki,37,Expanded optimal adapter
304,Mazda,42,Inverse disintermediate flexibility
305,GMC,51,Centralized encompassing productivity
306,Chevrolet,91,Enhanced mobile migration
307,Mercedes-Benz,99,Diverse neutral focus group
308,Subaru,36,Virtual empowering toolset
309,Hyundai,21,Future-proofed contextually-based project
310,Ford,35,Ameliorated mobile conglomeration
311,GMC,43,Multi-layered regional capability
312,MINI,3,Business-focused mobile throughput
313,Mazda,44,Triple-buffered systemic matrix
314,GMC,71,Reverse-engineered discrete strategy
315,Buick,73,Robust web-enabled projection
316,BMW,96,Polarised content-based leverage
317,Mazda,5,Cloned hybrid task-force
318,Volkswagen,44,Cloned asynchronous service-desk
319,Pontiac,85,Digitized foreground implementation
320,Chevrolet,77,Multi-lateral attitude-oriented website
321,Volvo,3,Open-architected multimedia support
322,Dodge,17,Intuitive multi-tasking database
323,Toyota,43,Open-architected system-worthy process improvement
324,Cadillac,25,Function-based dedicated ability
325,Mitsubishi,73,Progressive optimizing application
326,GMC,60,Triple-buffered asynchronous framework
327,Mercedes-Benz,25,Fully-configurable motivating encryption
328,Lexus,38,Inverse motivating leverage
329,Honda,67,Multi-channelled bi-directional support
330,Oldsmobile,53,Profit-focused tangible open system
331,Saab,79,Exclusive even-keeled analyzer
332,Acura,31,Object-based bandwidth-monitored leverage
333,BMW,61,Pre-emptive fault-tolerant secured line
334,Mazda,21,Enterprise-wide background groupware
335,Maserati,42,Inverse content-based structure
336,Suzuki,68,Visionary web-enabled emulation
337,Chevrolet,82,Object-based actuating complexity
338,Mercedes-Benz,18,Persevering exuding portal
339,BMW,26,Future-proofed disintermediate conglomeration
340,Mazda,80,Robust multi-state knowledge user
341,Mitsubishi,34,Progressive grid-enabled contingency
342,GMC,16,Optimized homogeneous portal
343,Ford,4,Fundamental background leverage
344,Mercury,3,Automated interactive service-desk
345,Chevrolet,8,Vision-oriented human-resource matrices
346,Chevrolet,43,Focused asymmetric forecast
347,Jeep,18,Open-architected optimal product
348,Chevrolet,43,Persistent next generation moratorium
349,Dodge,90,Synergized client-driven architecture
350,Buick,1,Decentralized empowering migration
351,Jaguar,66,Function-based web-enabled methodology
352,Audi,13,Adaptive client-server extranet
353,Volkswagen,17,Multi-tiered upward-trending functionalities
354,Chevrolet,89,Future-proofed tertiary application
355,Volvo,28,Open-architected leading edge encoding
356,Jeep,20,User-friendly 6th generation approach
357,Plymouth,25,Triple-buffered global framework
358,Maybach,87,Triple-buffered cohesive adapter
359,Aston Martin,57,Progressive disintermediate encoding
360,Subaru,11,Open-source interactive migration
361,Toyota,31,Synergistic actuating moratorium
362,Mercury,57,Synchronised empowering toolset
363,BMW,74,Streamlined next generation open architecture
364,Mitsubishi,92,Ergonomic encompassing hub
365,Mitsubishi,20,Distributed background open architecture
366,Mitsubishi,18,Multi-layered multi-state implementation
367,Buick,59,Virtual local artificial intelligence
368,Chevrolet,25,Decentralized intermediate function
369,Chrysler,61,Up-sized composite ability
370,Plymouth,18,Secured zero tolerance matrices
371,Jaguar,51,Ameliorated analyzing solution
372,Ford,55,Synergized interactive ability
373,Ford,78,Open-source bottom-line structure
374,Audi,19,Re-contextualized homogeneous software
375,Mitsubishi,29,Assimilated contextually-based concept
376,Toyota,75,Fundamental client-driven Graphical User Interface
377,Ford,4,Visionary dynamic support
378,Suzuki,80,User-centric intangible emulation
379,Mercedes-Benz,10,Managed heuristic array
380,BMW,47,Customizable national contingency
381,Ford,11,Assimilated 24/7 definition
382,GMC,28,Persevering client-driven customer loyalty
383,Saturn,16,Visionary eco-centric open architecture
384,Isuzu,95,Automated real-time throughput
385,Buick,45,Synergistic executive functionalities
386,BMW,95,Focused bottom-line local area network
387,Lexus,53,Synchronised bifurcated framework
388,Kia,82,De-engineered holistic focus group
389,Toyota,17,Public-key next generation installation
390,Cadillac,48,Multi-channelled 6th generation challenge
391,Volkswagen,68,Multi-channelled grid-enabled installation
392,Dodge,26,Reduced tangible moratorium
393,Toyota,77,Digitized 24/7 structure
394,Chevrolet,22,Intuitive multi-tasking collaboration
395,Pontiac,83,Mandatory multimedia info-mediaries
396,Oldsmobile,29,Intuitive contextually-based synergy
397,Ford,90,Seamless 5th generation system engine
398,Ford,50,Programmable bifurcated data-warehouse
399,Toyota,13,Digitized holistic product
400,Oldsmobile,71,Pre-emptive discrete success
401,Cadillac,5,Vision-oriented encompassing standardization
402,Mazda,99,Stand-alone 5th generation orchestration
403,Suzuki,94,Cross-group eco-centric conglomeration
404,Fillmore,32,Persistent heuristic process improvement
405,Nissan,75,Multi-layered upward-trending project
406,Chevrolet,49,Optional bifurcated policy
407,Toyota,62,Switchable fault-tolerant benchmark
408,Ferrari,65,Virtual interactive emulation
409,Oldsmobile,48,Configurable tangible task-force
410,Infiniti,21,Monitored real-time infrastructure
411,Chevrolet,43,Ameliorated zero tolerance budgetary management
412,BMW,95,Right-sized bottom-line synergy
413,Kia,17,Re-contextualized bifurcated project
414,Audi,94,Switchable radical hardware
415,Suzuki,65,User-centric tertiary data-warehouse
416,Cadillac,5,User-centric tertiary internet solution
417,Ford,96,Organic contextually-based focus group
418,GMC,35,Sharable responsive strategy
419,Ford,12,Open-source mobile system engine
420,Chevrolet,97,Streamlined zero tolerance secured line
421,Subaru,44,Persistent multi-state flexibility
422,Chevrolet,28,User-friendly 3rd generation success
423,Chevrolet,78,Multi-lateral multimedia customer loyalty
424,Chevrolet,24,Multi-tiered motivating Graphic Interface
425,Infiniti,18,Proactive coherent forecast
426,Cadillac,82,Distributed mission-critical projection
427,Mitsubishi,58,Assimilated client-server system engine
428,Pontiac,75,Organic context-sensitive algorithm
429,Pontiac,4,Re-contextualized methodical groupware
430,Porsche,70,Programmable national project
431,Mazda,21,Optimized transitional emulation
432,GMC,50,Reverse-engineered eco-centric definition
433,Mazda,98,Function-based composite portal
434,Mercedes-Benz,88,Cross-group solution-oriented intranet
435,Lexus,35,Pre-emptive interactive implementation
436,Chrysler,73,Robust bifurcated contingency
437,Chevrolet,80,Quality-focused national encoding
438,Honda,63,Object-based grid-enabled website
439,Land Rover,59,User-friendly 24/7 standardization
440,Pontiac,48,Optional web-enabled superstructure
441,Rambler,83,Optional radical paradigm
442,Infiniti,34,Configurable even-keeled moderator
443,Mitsubishi,95,Face to face user-facing artificial intelligence
444,Ford,39,Diverse optimal superstructure
445,Mazda,39,Devolved disintermediate system engine
446,Audi,28,Polarised solution-oriented core
447,GMC,66,Polarised dynamic collaboration
448,Chevrolet,35,Ameliorated 5th generation moderator
449,Nissan,51,Right-sized full-range application
450,Ford,90,Configurable upward-trending definition
451,Suzuki,54,Open-architected composite customer loyalty
452,Oldsmobile,3,Fully-configurable stable moratorium
453,Lexus,48,Team-oriented motivating infrastructure
454,Lincoln,13,Polarised fault-tolerant installation
455,Dodge,48,Distributed 5th generation ability
456,Chevrolet,73,Monitored client-server moratorium
457,Dodge,82,Advanced transitional migration
458,Volvo,22,Stand-alone static paradigm
459,Mercedes-Benz,16,Multi-layered 24/7 project
460,GMC,90,Diverse upward-trending collaboration
461,Chrysler,25,Cross-group responsive extranet
462,Toyota,5,Persistent zero tolerance concept
463,Acura,50,Organic fault-tolerant capability
464,Chevrolet,87,Networked local middleware
465,Chrysler,14,Monitored bandwidth-monitored array
466,Audi,83,Open-architected context-sensitive functionalities
467,Mercedes-Benz,4,Re-contextualized 3rd generation intranet
468,Cadillac,90,Open-source human-resource hardware
469,Volvo,56,Adaptive demand-driven system engine
470,Dodge,66,Organic asymmetric website
471,Oldsmobile,19,Cross-group multimedia matrices
472,Mercury,68,Compatible 3rd generation portal
473,Toyota,42,Team-oriented client-driven flexibility
474,Volvo,41,Balanced local moratorium
475,Mazda,27,Extended exuding instruction set
476,Toyota,39,Versatile bandwidth-monitored secured line
477,Ford,87,Phased contextually-based instruction set
478,Oldsmobile,5,Face to face object-oriented toolset
479,Land Rover,72,Enterprise-wide 4th generation frame
480,BMW,10,Total motivating paradigm
481,Mitsubishi,62,Compatible regional process improvement
482,Pontiac,6,Persistent content-based service-desk
483,Hyundai,72,Profit-focused analyzing Graphic Interface
484,Volkswagen,35,Multi-channelled 5th generation approach
485,GMC,8,Organized 3rd generation pricing structure
486,Lexus,31,Cloned mobile database
487,Mitsubishi,20,Multi-tiered didactic system engine
488,Cadillac,92,Programmable responsive paradigm
489,Chevrolet,13,Reduced client-server knowledge base
490,Rolls-Royce,26,Mandatory empowering policy
491,Subaru,32,Progressive contextually-based matrices
492,Chevrolet,85,Persevering upward-trending interface
493,Mercedes-Benz,41,Switchable mobile instruction set
494,Land Rover,6,Realigned zero tolerance attitude
495,Buick,87,Automated demand-driven groupware
496,Ford,54,Profit-focused reciprocal hierarchy
497,Volkswagen,79,Operative 4th generation data-warehouse
498,Aston Martin,74,Balanced impactful methodology
499,Buick,69,User-friendly dynamic model
500,Ram,43,Persevering contextually-based firmware
501,Mercury,63,Multi-layered neutral neural-net
502,Saab,54,Fundamental heuristic matrices
503,GMC,43,Versatile value-added functionalities
504,Chevrolet,12,Implemented 24 hour toolset
505,Oldsmobile,19,Reverse-engineered grid-enabled customer loyalty
506,Mazda,100,Expanded context-sensitive utilisation
507,Jaguar,53,Ergonomic scalable success
508,Lexus,11,User-centric foreground utilisation
509,Audi,5,Configurable 24 hour portal
510,Scion,13,Team-oriented attitude-oriented groupware
511,Bentley,100,Versatile executive database
512,Hyundai,41,Grass-roots 5th generation concept
513,Mercury,27,Front-line secondary algorithm
514,Toyota,45,Extended 3rd generation orchestration
515,Ford,46,Distributed uniform task-force
516,Volkswagen,21,Re-contextualized mobile algorithm
517,Eagle,100,Integrated fresh-thinking workforce
518,Volvo,68,Ameliorated web-enabled product
519,Dodge,29,Business-focused motivating leverage
520,Saab,53,Sharable uniform artificial intelligence
521,Chevrolet,96,Virtual asynchronous benchmark
522,Suzuki,50,Streamlined intermediate focus group
523,Mercedes-Benz,16,Optional holistic portal
524,Mitsubishi,57,Polarised exuding implementation
525,Ford,84,Intuitive bandwidth-monitored throughput
526,Land Rover,81,Fully-configurable didactic process improvement
527,Eagle,3,User-centric multi-tasking encoding
528,Cadillac,83,Pre-emptive zero defect open architecture
529,Oldsmobile,75,Devolved user-facing initiative
530,Infiniti,95,Up-sized incremental system engine
531,Subaru,57,Fully-configurable multi-state analyzer
532,Dodge,16,Universal foreground productivity
533,Mercury,6,Adaptive intangible software
534,Nissan,26,Reactive bifurcated benchmark
535,Subaru,21,Versatile zero defect orchestration
536,Ford,88,De-engineered full-range utilisation
537,Toyota,19,Fundamental bottom-line challenge
538,Acura,92,Exclusive human-resource complexity
539,GMC,63,Organized national contingency
540,Volvo,93,Seamless upward-trending frame
541,Buick,81,Fully-configurable dynamic superstructure
542,Land Rover,53,Organic zero defect model
543,Chevrolet,68,Down-sized solution-oriented open system
544,Ford,6,Focused transitional success
545,Mercedes-Benz,4,Face to face directional internet solution
546,Mercedes-Benz,5,Pre-emptive impactful leverage
547,GMC,8,Digitized eco-centric leverage
548,Ford,4,Fully-configurable 24/7 extranet
549,Chrysler,57,Pre-emptive leading edge system engine
550,Mazda,4,Persistent mission-critical concept
551,Chrysler,69,Re-engineered bottom-line portal
552,Buick,59,Enhanced regional forecast
553,Maserati,33,Self-enabling asynchronous focus group
554,Daihatsu,76,Organic empowering productivity
555,Volkswagen,31,Robust empowering challenge
556,Kia,57,Team-oriented exuding middleware
557,Volkswagen,60,Profound non-volatile matrices
558,Chevrolet,57,User-centric 24 hour methodology
559,Ford,3,Ameliorated fault-tolerant instruction set
560,Chevrolet,6,Profound even-keeled hub
561,Saab,60,Up-sized responsive capacity
562,Mitsubishi,71,Programmable user-facing architecture
563,Ferrari,2,Assimilated reciprocal neural-net
564,Subaru,27,Realigned 24/7 time-frame
565,Cadillac,73,Up-sized directional intranet
566,Ford,43,Devolved national neural-net
567,Jeep,60,Managed bottom-line orchestration
568,Acura,87,Adaptive actuating neural-net
569,Ferrari,22,Cloned tangible contingency
570,Isuzu,17,Robust transitional definition
571,Daewoo,89,Total tangible system engine
572,Chrysler,33,Optimized zero defect monitoring
573,Chevrolet,9,Adaptive bi-directional leverage
574,Buick,31,Balanced fault-tolerant local area network
575,Mitsubishi,45,Focused stable flexibility
576,Buick,51,Versatile fresh-thinking capacity
577,Chevrolet,43,Switchable didactic forecast
578,Aston Martin,92,Integrated even-keeled task-force
579,Chevrolet,41,Inverse motivating groupware
580,Ford,24,Polarised motivating initiative
581,Audi,30,Fully-configurable 24 hour synergy
582,Kia,52,Visionary 4th generation support
583,Chevrolet,34,Expanded directional contingency
584,Volvo,6,Robust multi-tasking framework
585,Suzuki,4,Progressive dynamic intranet
586,Ford,21,Up-sized eco-centric access
587,Volvo,86,Monitored fault-tolerant software
588,Toyota,30,Managed system-worthy parallelism
589,Ford,32,Managed multi-state help-desk
590,Lamborghini,46,Reduced clear-thinking complexity
591,Ford,97,Synergistic coherent workforce
592,Toyota,43,Diverse dedicated success
593,Suzuki,71,Networked incremental encoding
594,Ford,31,Sharable explicit model
595,Jaguar,51,Reduced multi-tasking alliance
596,Chevrolet,77,Self-enabling well-modulated analyzer
597,Volkswagen,54,Up-sized 4th generation productivity
598,Honda,91,Pre-emptive real-time superstructure
599,Mercedes-Benz,8,Reverse-engineered transitional adapter
600,Lincoln,91,Re-engineered bandwidth-monitored frame
601,Ford,68,Profit-focused national concept
602,Volkswagen,35,Persevering optimal help-desk
603,Acura,46,Implemented mobile parallelism
604,Volkswagen,50,Multi-channelled multi-state data-warehouse
605,Volkswagen,94,Universal leading edge intranet
606,Volkswagen,7,Multi-layered full-range process improvement
607,Volvo,48,Configurable user-facing capacity
608,Chevrolet,62,Right-sized solution-oriented productivity
609,Honda,20,Exclusive regional emulation
610,Ford,52,Object-based regional initiative
611,Saab,82,Multi-channelled 5th generation concept
612,Ford,94,Vision-oriented mobile core
613,Chevrolet,28,Integrated composite extranet
614,Buick,82,Open-architected systemic archive
615,Mitsubishi,53,Distributed tangible standardization
616,Ford,64,Fundamental regional leverage
617,Chevrolet,27,Secured global orchestration
618,Chevrolet,43,Advanced intermediate benchmark
619,Ford,6,Managed 6th generation local area network
620,Nissan,86,Total zero administration complexity
621,Mazda,36,Diverse stable artificial intelligence
622,Buick,96,Organic empowering open architecture
623,Cadillac,16,Profit-focused eco-centric software
624,Audi,43,Function-based incremental functionalities
625,Honda,78,Phased tangible frame
626,Maserati,69,Reactive dedicated knowledge user
627,Cadillac,61,Team-oriented bi-directional frame
628,Chrysler,35,Reactive didactic function
629,GMC,5,Cloned radical system engine
630,Cadillac,71,Cross-platform modular moratorium
631,Mercedes-Benz,90,Face to face needs-based archive
632,Kia,22,User-centric fresh-thinking Graphic Interface
633,Oldsmobile,99,Programmable 3rd generation flexibility
634,Pontiac,1,Streamlined neutral frame
635,Volkswagen,99,Persevering scalable functionalities
636,Lincoln,25,Configurable 6th generation instruction set
637,Acura,83,Cross-group global process improvement
638,Maserati,56,Integrated cohesive artificial intelligence
639,Dodge,100,Integrated heuristic hub
640,Dodge,58,Persistent executive matrices
641,Volkswagen,25,Self-enabling homogeneous success
642,Toyota,55,Cross-platform bottom-line emulation
643,Dodge,62,Grass-roots reciprocal project
644,Mazda,47,Future-proofed real-time solution
645,Mercedes-Benz,12,Innovative secondary middleware
646,Cadillac,65,Persevering client-server hierarchy
647,Chevrolet,40,Reverse-engineered 3rd generation installation
648,Buick,23,Fully-configurable modular attitude
649,Toyota,63,Profound exuding productivity
650,Audi,36,Reactive global intranet
651,Nissan,94,User-friendly holistic groupware
652,Dodge,9,Monitored 24 hour utilisation
653,Ford,67,Public-key intermediate focus group
654,Toyota,96,Team-oriented asymmetric data-warehouse
655,Acura,67,Balanced user-facing Graphical User Interface
656,Dodge,76,Business-focused mobile extranet
657,Chevrolet,8,Managed hybrid throughput
658,Mazda,11,Networked optimizing hardware
659,Suzuki,28,Inverse asynchronous support
660,Dodge,55,Devolved executive moratorium
661,Chevrolet,78,User-centric zero administration capacity
662,MINI,87,Polarised 24 hour Graphical User Interface
663,Ford,85,Mandatory modular archive
664,Ford,77,Public-key grid-enabled website
665,Lexus,40,Front-line intermediate system engine
666,Aston Martin,50,Reduced empowering interface
667,Jeep,3,Ameliorated zero administration moderator
668,BMW,96,Secured attitude-oriented Graphic Interface
669,Saturn,92,Streamlined 6th generation hub
670,Mercedes-Benz,31,Synchronised multimedia workforce
671,Saab,65,Self-enabling systematic frame
672,Lincoln,47,Realigned discrete function
673,Volvo,47,Triple-buffered multimedia encoding
674,Lincoln,43,Integrated 6th generation flexibility
675,Nissan,99,Configurable high-level algorithm
676,Mazda,92,Cloned interactive help-desk
677,Ford,45,Fundamental maximized hardware
678,Suzuki,96,Inverse disintermediate circuit
679,Ford,41,Enterprise-wide leading edge moderator
680,Cadillac,65,Enterprise-wide full-range support
681,Bentley,87,Adaptive fault-tolerant knowledge user
682,Suzuki,66,Synergized neutral throughput
683,Mazda,64,Object-based client-driven model
684,Acura,21,Managed maximized benchmark
685,Mercedes-Benz,84,Distributed analyzing Graphic Interface
686,Hyundai,93,Public-key maximized methodology
687,GMC,13,Virtual empowering hardware
688,Dodge,77,Enterprise-wide clear-thinking Graphic Interface
689,Buick,11,Object-based 4th generation success
690,BMW,93,Grass-roots asynchronous throughput
691,Toyota,24,Self-enabling web-enabled archive
692,Plymouth,10,Synchronised foreground methodology
693,Lincoln,37,Cross-group tertiary parallelism
694,Volvo,43,Reverse-engineered hybrid encryption
695,Mitsubishi,93,Switchable didactic alliance
696,Ford,62,Customer-focused homogeneous parallelism
697,Pontiac,74,Horizontal zero administration system engine
698,GMC,44,Visionary multi-tasking extranet
699,Buick,28,Robust 3rd generation synergy
700,Dodge,96,Ergonomic systemic focus group
701,Plymouth,96,Reduced zero administration customer loyalty
702,Maserati,83,Triple-buffered systemic focus group
703,BMW,26,Operative tertiary hierarchy
704,Land Rover,44,Re-contextualized contextually-based productivity
705,Mercedes-Benz,45,Persistent full-range utilisation
706,Infiniti,67,Virtual bandwidth-monitored internet solution
707,Kia,60,Switchable human-resource interface
708,Dodge,73,Open-source bifurcated project
709,Mercedes-Benz,25,Innovative local capability
710,Honda,29,Triple-buffered upward-trending matrix
711,Honda,8,Monitored leading edge ability
712,Oldsmobile,94,Multi-tiered next generation success
713,Pontiac,2,Exclusive demand-driven complexity
714,Ford,80,Enhanced clear-thinking open architecture
715,Audi,86,Re-contextualized heuristic implementation
716,Volkswagen,52,Future-proofed transitional software
717,Bentley,84,Stand-alone needs-based matrix
718,Mitsubishi,86,Versatile foreground database
719,GMC,14,Centralized exuding throughput
720,Mercury,2,Visionary multimedia alliance
721,Chevrolet,8,Object-based empowering hardware
722,Mitsubishi,6,Profit-focused interactive budgetary management
723,Volkswagen,50,Synergistic system-worthy capability
724,Chevrolet,43,Persevering context-sensitive standardization
725,Cadillac,87,Organized user-facing workforce
726,GMC,71,Profound global definition
727,Mazda,73,Configurable bifurcated functionalities
728,Ford,27,Future-proofed fresh-thinking task-force
729,Audi,11,Vision-oriented 4th generation moratorium
730,Infiniti,63,Vision-oriented systemic workforce
731,Ford,78,Reduced clear-thinking standardization
732,Ford,23,Open-source stable hub
733,Pontiac,78,Progressive 3rd generation customer loyalty
734,Volkswagen,15,Re-contextualized local forecast
735,Plymouth,37,Cloned modular productivity
736,Kia,35,Public-key even-keeled alliance
737,Ford,70,Automated solution-oriented leverage
738,Chevrolet,35,Multi-channelled motivating intranet
739,Ford,97,Organized contextually-based flexibility
740,Mazda,56,Customer-focused exuding instruction set
741,Spyker,18,Function-based 3rd generation protocol
742,Bentley,30,Cross-group radical flexibility
743,Pontiac,23,Switchable coherent system engine
744,Dodge,38,Integrated tertiary installation
745,Pontiac,15,Adaptive analyzing database
746,Mitsubishi,27,Virtual next generation portal
747,Aston Martin,42,Managed coherent benchmark
748,GMC,48,Synergized logistical moratorium
749,Dodge,4,Triple-buffered incremental adapter
750,Maserati,11,Persistent systematic support
751,Pontiac,68,Optional user-facing model
752,Oldsmobile,85,Cross-group bottom-line middleware
753,GMC,28,Public-key analyzing attitude
754,Dodge,23,Public-key demand-driven budgetary management
755,Pontiac,43,Object-based didactic open architecture
756,Cadillac,86,Optimized hybrid flexibility
757,Chevrolet,33,Adaptive empowering throughput
758,Volkswagen,88,User-centric actuating interface
759,Audi,4,Profound hybrid throughput
760,Subaru,19,Reduced impactful groupware
761,Chevrolet,81,Balanced user-facing policy
762,Volkswagen,87,Compatible well-modulated policy
763,Dodge,30,Total radical synergy
764,GMC,65,Inverse zero defect capacity
765,Toyota,70,Grass-roots zero tolerance groupware
766,Mazda,26,Multi-channelled motivating synergy
767,Volvo,84,Inverse clear-thinking circuit
768,Chevrolet,57,Expanded didactic capability
769,Lexus,95,Innovative high-level project
770,Pontiac,62,Front-line optimizing hub
771,Mazda,94,Function-based optimizing matrix
772,Plymouth,97,Exclusive encompassing collaboration
773,Audi,80,Function-based upward-trending groupware
774,Mazda,10,Cross-platform well-modulated solution
775,Dodge,97,Inverse 4th generation project
776,Audi,97,Compatible high-level secured line
777,Acura,12,Universal transitional algorithm
778,Volvo,23,Down-sized client-driven standardization
779,Acura,63,Triple-buffered analyzing superstructure
780,Ford,11,Configurable reciprocal secured line
781,Oldsmobile,72,Organized optimal attitude
782,Jaguar,89,Intuitive coherent infrastructure
783,Infiniti,42,Business-focused fresh-thinking paradigm
784,Ford,35,Face to face client-driven customer loyalty
785,Ford,95,Synchronised explicit intranet
786,Subaru,15,Cross-group tangible info-mediaries
787,BMW,96,Automated cohesive software
788,Dodge,95,Distributed fault-tolerant system engine
789,Suzuki,72,Progressive content-based functionalities
790,Toyota,93,Reverse-engineered mission-critical flexibility
791,Mazda,80,Multi-tiered national knowledge user
792,Chevrolet,62,Fundamental secondary encryption
793,Honda,8,Diverse neutral framework
794,Toyota,20,Multi-tiered multi-state definition
795,Suzuki,33,Assimilated directional attitude
796,Ford,18,Monitored leading edge structure
797,BMW,90,Streamlined tertiary emulation
798,Ford,41,Advanced client-server system engine
799,Dodge,48,User-friendly client-server artificial intelligence
800,Ford,78,Self-enabling directional firmware
801,Mercedes-Benz,100,Open-architected maximized monitoring
802,Mitsubishi,69,Open-source solution-oriented hierarchy
803,Chrysler,3,User-friendly bifurcated software
804,Buick,35,Enhanced directional focus group
805,Lincoln,58,Persevering impactful migration
806,Toyota,21,Upgradable full-range flexibility
807,Ford,56,Balanced uniform collaboration
808,Mazda,74,Horizontal web-enabled benchmark
809,Mercedes-Benz,100,Open-source homogeneous project
810,Jeep,99,Multi-channelled secondary infrastructure
811,Audi,19,Grass-roots dynamic firmware
812,Isuzu,46,Quality-focused contextually-based software
813,Audi,85,Right-sized next generation analyzer
814,Dodge,51,Horizontal bi-directional emulation
815,Cadillac,20,Multi-lateral neutral solution
816,Suzuki,64,Multi-channelled multimedia intranet
817,Toyota,45,Ergonomic national pricing structure
818,Mercury,7,Extended encompassing encoding
819,Mazda,12,Proactive intermediate hierarchy
820,Chevrolet,16,Compatible modular knowledge base
821,Ford,37,Future-proofed grid-enabled solution
822,Dodge,95,Adaptive coherent info-mediaries
823,Buick,11,Public-key grid-enabled solution
824,GMC,40,Right-sized systemic policy
825,Land Rover,60,Upgradable system-worthy internet solution
826,Dodge,88,Proactive asymmetric adapter
827,Kia,71,Innovative tertiary attitude
828,Porsche,54,Persevering reciprocal task-force
829,Pontiac,39,Networked encompassing paradigm
830,Chevrolet,68,Proactive impactful projection
831,Kia,73,Right-sized solution-oriented approach
832,BMW,68,Secured context-sensitive policy
833,Ford,32,Profound 6th generation concept
834,Maserati,19,Advanced high-level monitoring
835,Volvo,60,User-friendly full-range project
836,Chevrolet,91,Enhanced local solution
837,Dodge,79,Multi-lateral bottom-line strategy
838,Chevrolet,28,Automated non-volatile portal
839,Pontiac,23,User-friendly bottom-line middleware
840,Suzuki,6,Assimilated multimedia migration
841,Mazda,53,Vision-oriented 5th generation intranet
842,Buick,79,Re-contextualized clear-thinking time-frame
843,Ford,28,Vision-oriented reciprocal local area network
844,Cadillac,90,User-centric fresh-thinking service-desk
845,Ford,36,Reduced 3rd generation function
846,Pontiac,38,Visionary actuating flexibility
847,Dodge,63,Configurable needs-based neural-net
848,Honda,11,De-engineered hybrid orchestration
849,Eagle,38,User-centric multi-state collaboration
850,Isuzu,49,Secured grid-enabled projection
851,Subaru,34,Customer-focused needs-based capacity
852,Chevrolet,32,Grass-roots zero administration alliance
853,Kia,74,Versatile analyzing projection
854,Toyota,37,Realigned 5th generation firmware
855,Eagle,90,Universal explicit toolset
856,BMW,34,Down-sized encompassing approach
857,Dodge,62,Managed cohesive approach
858,Dodge,20,Optional methodical knowledge user
859,Lexus,96,Digitized web-enabled adapter
860,Volvo,19,Enhanced leading edge monitoring
861,Acura,8,Self-enabling next generation infrastructure
862,Mitsubishi,80,Public-key logistical collaboration
863,Chrysler,32,Reactive systematic software
864,Volkswagen,92,Re-engineered leading edge alliance
865,Ford,73,Profound clear-thinking policy
866,Maserati,82,Managed national model
867,Mazda,97,Open-architected tangible task-force
868,Chrysler,28,Compatible national core
869,Volkswagen,87,Balanced incremental definition
870,Saturn,39,Profit-focused foreground paradigm
871,Ford,15,Advanced national secured line
872,Mitsubishi,94,Stand-alone directional open architecture
873,GMC,53,User-friendly content-based open system
874,Pontiac,60,Open-architected methodical open architecture
875,Saab,73,Programmable mission-critical structure
876,Ford,99,Multi-layered 4th generation adapter
877,Mitsubishi,62,Re-contextualized optimizing functionalities
878,Land Rover,97,Self-enabling asymmetric intranet
879,Pontiac,76,Switchable dedicated standardization
880,Chevrolet,26,Focused object-oriented protocol
881,Buick,60,Stand-alone methodical capability
882,BMW,38,Inverse solution-oriented customer loyalty
883,Volvo,31,Organic optimal contingency
884,Ford,34,User-friendly responsive model
885,Honda,36,Innovative hybrid interface
886,Plymouth,38,Down-sized user-facing installation
887,Land Rover,22,Open-source tangible migration
888,Volvo,12,Open-architected demand-driven portal
889,Mazda,23,Function-based didactic toolset
890,Mitsubishi,86,Phased needs-based array
891,Land Rover,63,Reactive full-range hub
892,Toyota,64,Optional attitude-oriented middleware
893,Honda,66,Managed client-server frame
894,Jeep,99,Intuitive heuristic support
895,Plymouth,89,Up-sized modular firmware
896,Ford,93,Integrated zero administration conglomeration
897,Pontiac,24,Synchronised directional benchmark
898,Buick,81,Fundamental contextually-based function
899,Scion,53,Monitored responsive solution
900,Scion,24,Innovative maximized service-desk
901,GMC,42,Focused 3rd generation projection
902,Buick,14,Compatible coherent algorithm
903,Aston Martin,34,Synchronised zero defect application
904,Hyundai,75,Fundamental context-sensitive encryption
905,Chevrolet,2,Self-enabling object-oriented concept
906,Toyota,8,Face to face neutral Graphic Interface
907,Buick,67,Team-oriented impactful local area network
908,Plymouth,36,Exclusive transitional challenge
909,Chevrolet,14,Reverse-engineered motivating interface
910,Chevrolet,48,Open-source stable internet solution
911,Land Rover,15,Polarised bottom-line flexibility
912,Mercedes-Benz,52,Quality-focused client-driven attitude
913,Dodge,96,Intuitive eco-centric superstructure
914,Saab,11,Synergized full-range access
915,Cadillac,33,Optional stable circuit
916,Dodge,18,Organized directional framework
917,Ford,83,Persistent multi-state service-desk
918,Chevrolet,96,Up-sized exuding toolset
919,Honda,52,Fully-configurable encompassing local area network
920,Scion,48,Robust maximized installation
921,Chevrolet,56,Upgradable upward-trending leverage
922,Volkswagen,44,Cloned discrete software
923,Honda,8,Ameliorated leading edge toolset
924,Chevrolet,23,Switchable high-level flexibility
925,Honda,24,Cross-platform background structure
926,Scion,92,Compatible modular project
927,Audi,8,Public-key maximized model
928,GMC,30,Enterprise-wide clear-thinking process improvement
929,Volvo,6,Enhanced full-range local area network
930,Lexus,17,Pre-emptive multimedia task-force
931,Chevrolet,94,Operative systemic neural-net
932,Mitsubishi,74,Visionary next generation access
933,Audi,17,Right-sized upward-trending project
934,Mazda,4,Centralized transitional task-force
935,Suzuki,74,Ergonomic client-driven middleware
936,Volkswagen,54,Managed didactic application
937,Jaguar,66,Re-contextualized attitude-oriented concept
938,Mercedes-Benz,44,Implemented non-volatile project
939,Chevrolet,27,Total holistic definition
940,Buick,48,Networked responsive software
941,Chrysler,92,Upgradable value-added application
942,Mitsubishi,68,Organized fresh-thinking concept
943,Volkswagen,99,Optimized mobile concept
944,Volvo,41,Realigned mission-critical circuit
945,Kia,27,Optional dynamic array
946,Chevrolet,100,Universal 3rd generation functionalities
947,Mitsubishi,45,Upgradable fresh-thinking implementation
948,Audi,13,Programmable coherent migration
949,BMW,51,Triple-buffered didactic moratorium
950,Hyundai,78,Multi-channelled analyzing implementation
951,Suzuki,5,Reduced responsive time-frame
952,Pontiac,82,Synergized composite projection
953,Lexus,37,Optimized scalable protocol
954,Lincoln,72,Cross-group leading edge website
955,Jeep,69,Function-based discrete moderator
956,Holden,79,Operative object-oriented algorithm
957,Cadillac,14,Enterprise-wide zero tolerance frame
958,Dodge,72,Innovative content-based info-mediaries
959,Chevrolet,21,Cross-group 6th generation internet solution
960,Ford,59,Ameliorated radical benchmark
961,Audi,45,Mandatory 3rd generation open system
962,Dodge,41,Managed solution-oriented policy
963,Acura,100,Realigned analyzing protocol
964,Subaru,53,Networked intermediate complexity
965,Nissan,77,Open-source exuding firmware
966,Nissan,49,Stand-alone client-server extranet
967,Chevrolet,66,User-centric human-resource flexibility
968,Dodge,33,Business-focused mission-critical forecast
969,Hyundai,98,Reactive homogeneous concept
970,Ford,31,Open-architected attitude-oriented structure
971,Chevrolet,85,Function-based even-keeled model
972,Chevrolet,17,Self-enabling exuding paradigm
973,Mazda,97,Customer-focused multi-tasking artificial intelligence
974,Chevrolet,2,Switchable didactic hierarchy
975,Mazda,61,Fundamental uniform intranet
976,Pontiac,90,Reduced tertiary structure
977,Mercedes-Benz,81,Inverse dynamic ability
978,Honda,87,Advanced asynchronous solution
979,Rambler,67,Re-contextualized analyzing ability
980,Chevrolet,26,Function-based bifurcated task-force
981,Volkswagen,14,Switchable cohesive time-frame
982,GMC,79,Object-based coherent support
983,Acura,87,Inverse coherent utilisation
984,Mercedes-Benz,10,Re-engineered radical contingency
985,Honda,4,User-centric needs-based paradigm
986,Mazda,71,Open-source context-sensitive data-warehouse
987,Buick,70,Stand-alone multi-state customer loyalty
988,Infiniti,81,Cloned interactive extranet
989,GMC,43,Enterprise-wide well-modulated attitude
990,Pontiac,83,Intuitive tangible encoding
991,Buick,2,Networked asymmetric superstructure
992,GMC,23,Face to face methodical local area network
993,Ford,5,Exclusive regional methodology
994,Volkswagen,5,Digitized heuristic utilisation
995,Cadillac,24,Triple-buffered bandwidth-monitored help-desk
996,Lincoln,54,Organized tangible access
997,Buick,55,Adaptive modular middleware
998,Lotus,20,Up-sized 24/7 functionalities
999,Mercedes-Benz,24,Enhanced disintermediate groupware
1000,Subaru,30,Cloned encompassing focus group
